{
    "name": "ddb-popper",
    "title": "DDB Popper",
    "description": "Allows opening the D&D Beyond character sheet from a Foundry FVTT Actor",
    "version": "1.1",
    "author": "Evan Clarke (errational)",
    "systems": ["dnd5e"],
    "scripts": ["ddb-popper.js"],
    "url": "https://github.com/death-save/fvtt-modules/ddb-popper",
    "manifest": "https://raw.githubusercontent.com/death-save/fvtt-modules/master/ddb-popper/module.json",
    "download": "https://github.com/death-save/fvtt-modules/raw/master/ddb-popper.zip"
}
